{

   "details": [
       {
			"Experiment": "Flow through pipes",
			"Lab": "Chemical Lab",
			"Discipline": "Chemical Engineering",
			"Technology": "HTML, Javascript, CSS, JQuery, Inkscape"
       }
   ],

   "developer": [
       {
      "Developer": "Dr. Pruthviraj U",
      "Institute": "National Institute of Technology Karnataka, Surathkal",
      "InstituteAcronym": "NITK, Surathkal"
       }
   ],

   "contributer": [
       {
			"Contributer": "Aishwarya Shetty",
			"Institute": "National Institute of Technology Karnataka, Surathkal",
			"InstituteAcronym": "NITK, Surathkal"
       },

       {
			"Contributer": "Aishwarya Hegde",
			"Institute": "National Institute of Technology Karnataka, Surathkal",
			"InstituteAcronym": "NITK, Surathkal"
       },
		{
			"Contributer": "Shreyas Sabare",
			"Institute": "National Institute of Technology Karnataka, Surathkal",
			"InstituteAcronym": "NITK, Surathkal"
		},
		{
			"Contributer": "Jaison DSouza B",
			"Institute": "National Institute of Technology Karnataka, Surathkal",
			"InstituteAcronym": "NITK, Surathkal"
		}
   ]
}
